Date,Time,Website,Title
12/26/2023,16:00-16:29,Google Cloud,Work with quotas | Documentation | Google Cloud
12/26/2023,16:00-16:29,Github,Editing Data-Engineering/README.md at master ¬∑ Dixboi/Data-Engineering
12/26/2023,16:00-16:29,Github,"Dixboi/Data-Engineering: A Data Engineering repository where I will focus on applying concepts such as data modeling, ETL, proper code documentations, and unit testing."
12/26/2023,16:00-16:29,Github,GitHub
12/26/2023,16:00-16:29,Geeksforgeeks,How to Automate Google Sheets with Python? - GeeksforGeeks
12/26/2023,16:00-16:29,Blog Finxter,How to Append Data in a Google Sheet with Python ‚Äì Be on the Right Side of Change
12/26/2023,15:30-15:59,Geeksforgeeks,How to make a Python program wait? - GeeksforGeeks
12/26/2023,15:30-15:59,Duckduckgo,python code to wait 1 minute at DuckDuckGo
12/26/2023,15:30-15:59,Google Developers,Usage limits | Google Sheets | Google for Developers
12/26/2023,15:30-15:59,Duckduckgo,rate limit for google api in google sheets at DuckDuckGo
12/26/2023,15:30-15:59,Duckduckgo,rate limit for google api at DuckDuckGo
12/26/2023,15:30-15:59,Google Console,Page usage agreements ‚Äì APIs and services ‚Äì Browser Activity ‚Äì Google Cloud console
12/26/2023,15:30-15:59,Google Console,APIs & Services ‚Äì APIs and services ‚Äì Browser Activity ‚Äì Google Cloud console
12/26/2023,15:30-15:59,Google Colab,Browser Activity.ipynb - Colaboratory
12/26/2023,15:30-15:59,Google Colab,Browser Activity.ipynb - Colaboratory
12/26/2023,15:30-15:59,Google Colab,Welcome To Colaboratory - Colaboratory
12/26/2023,15:30-15:59,Duckduckgo,google colab at DuckDuckGo
12/26/2023,15:00-15:29,Google Console,API/Service details ‚Äì APIs and services ‚Äì Browser Activity ‚Äì Google Cloud console
12/26/2023,15:00-15:29,Google Console,Google Drive API ‚Äì APIs and services ‚Äì Browser Activity ‚Äì Google Cloud console
12/26/2023,15:00-15:29,Google Console,Google Drive API ‚Äì APIs and services ‚Äì Browser Activity ‚Äì Google Cloud console
12/26/2023,15:00-15:29,Google Console,APIs and services ‚Äì Google Cloud console
12/26/2023,15:00-15:29,Google Console,Google Cloud console
12/26/2023,15:00-15:29,Google Docs,Untitled spreadsheet - Google Sheets
12/26/2023,15:00-15:29,Google Docs,Untitled spreadsheet - Google Sheets
12/26/2023,15:00-15:29,Google Docs,Untitled spreadsheet - Google Sheets
12/26/2023,15:00-15:29,Google Docs,Google Sheets
12/26/2023,15:00-15:29,Duckduckgo,google sheets at DuckDuckGo
12/26/2023,15:00-15:29,Google Console,de-browser-activity ‚Äì IAM and admin ‚Äì Browser Activity ‚Äì Google Cloud console
12/26/2023,15:00-15:29,Google Console,de-browser-activity ‚Äì IAM and admin ‚Äì Browser Activity ‚Äì Google Cloud console
12/26/2023,15:00-15:29,Google Console,Credentials ‚Äì APIs and services ‚Äì Browser Activity ‚Äì Google Cloud console
12/26/2023,15:00-15:29,Google Developers,Google Sheets API Overview | Google for Developers
12/26/2023,15:00-15:29,Google Console,API/Service details ‚Äì APIs and services ‚Äì Browser Activity ‚Äì Google Cloud console
12/26/2023,15:00-15:29,Google Console,Create service account ‚Äì IAM and admin ‚Äì Browser Activity ‚Äì Google Cloud console
12/26/2023,15:00-15:29,Google Console,Create credentials ‚Äì APIs and services ‚Äì Browser Activity ‚Äì Google Cloud console
12/26/2023,15:00-15:29,Google Console,Google Sheets API ‚Äì APIs and services ‚Äì Browser Activity ‚Äì Google Cloud console
12/26/2023,15:00-15:29,Google Console,Google Sheets API ‚Äì APIs and services ‚Äì Browser Activity ‚Äì Google Cloud console
12/26/2023,15:00-15:29,Google Console,APIs and services ‚Äì Browser Activity ‚Äì Google Cloud console
12/26/2023,15:00-15:29,Google Console,API Library ‚Äì APIs and services ‚Äì Browser Activity ‚Äì Google Cloud console
12/26/2023,15:00-15:29,Google Console,APIs & Services ‚Äì APIs and services ‚Äì EFSB test ‚Äì Google Cloud console
12/26/2023,15:00-15:29,Google Console,APIs and services ‚Äì EFSB test ‚Äì Google Cloud console
12/26/2023,15:00-15:29,Google Console,New Project ‚Äì Google Cloud console
12/26/2023,15:00-15:29,Google Console,APIs & Services ‚Äì APIs and services ‚Äì EFSB test ‚Äì Google Cloud console
12/26/2023,15:00-15:29,Google Console,Google Cloud console
12/26/2023,14:30-14:59,Chat Openai,File Exist Check Python
12/26/2023,14:30-14:59,Chat Openai,ChatGPT
12/26/2023,14:30-14:59,Google Colab,Browser Activity.ipynb - Colaboratory
12/26/2023,14:30-14:59,Google Colab,Browser Activity.ipynb - Colaboratory
12/26/2023,14:30-14:59,Youtube,(4) YouTube
12/26/2023,15:30-15:59,Duckduckgo,google colab at DuckDuckGo
12/26/2023,11:30-11:59,Github,"Dixboi/Data-Engineering: A Data Engineering repository where I will focus on applying concepts such as data modeling, ETL, proper code documentations, and unit testing."
12/26/2023,11:30-11:59,Github,Data-Engineering/Projects/#2_Browser_History at master ¬∑ Dixboi/Data-Engineering
12/26/2023,11:30-11:59,Google Mail,Inbox - - Gmail
12/26/2023,11:30-11:59,Google Mail,"We miss you, raimondextervinluan! Here's a FREE Shipping Discount voucher just for you! üòç‚ú® - - Gmail"
12/26/2023,11:30-11:59,Google Mail,Spam (6) - - Gmail
12/26/2023,11:00-11:29,Google Colab,Browser Activity.ipynb - Colaboratory
12/26/2023,11:00-11:29,Google Colab,Browser Activity.ipynb - Colaboratory
12/26/2023,11:00-11:29,Geeksforgeeks,How to Append Pandas DataFrame to Existing CSV File? - GeeksforGeeks
12/26/2023,11:00-11:29,Duckduckgo,pandas append to existing csv file at DuckDuckGo
12/26/2023,11:00-11:29,Pandas Pydata,pandas.DataFrame.to_csv ‚Äî pandas 2.1.4 documentation
12/26/2023,11:00-11:29,Duckduckgo,pandas dataframe to csv at DuckDuckGo
12/26/2023,11:00-11:29,Geeksforgeeks,Different ways to create Pandas Dataframe - GeeksforGeeks
12/26/2023,11:00-11:29,Duckduckgo,pandas create dataframes at DuckDuckGo
12/26/2023,11:00-11:29,Linkedin,Notifications | LinkedIn
12/26/2023,11:00-11:29,Medium,3 Ways to Create Better Data Stories! | by Yash Gupta | Data Science Simplified | Medium
12/26/2023,11:00-11:29,Medium,3 Ways to Create Better Data Stories! | by Yash Gupta | Data Science Simplified | Medium
12/26/2023,11:00-11:29,Linkedin,"(4) PHP 25,000 SIGN ON BONUS! Real Estate Data Analyst (Remote) | ClearDesk | LinkedIn"
12/26/2023,11:00-11:29,Linkedin,LinkedIn
12/26/2023,11:00-11:29,Linkedin,LinkedIn
12/26/2023,11:00-11:29,Google Mail,Analysis of Netflix Data with SQL | G√∂zde Madendere in Stackademic - - Gmail
12/26/2023,11:00-11:29,Linkedin,LinkedIn
12/26/2023,11:00-11:29,Google Mail,"Raimon Dexter, apply to PHP 25,000 SIGN ON BONUS! Real Estate Data Analyst (Remote) at ClearDesk and more - - Gmail"
12/26/2023,11:00-11:29,Google Colab,Browser Activity.ipynb - Colaboratory
12/26/2023,11:00-11:29,Duckduckgo,"""https://spreadsheets.google.com/feeds"" at DuckDuckGo"
12/26/2023,11:00-11:29,Duckduckgo,python add data to google sheets at DuckDuckGo
12/26/2023,10:30-10:59,Duckduckgo,python automate insert to google sheets at DuckDuckGo
12/26/2023,10:30-10:59,Duckduckgo,pandas dataframe to google sheets at DuckDuckGo
12/26/2023,10:30-10:59,Google Colab,Browser Activity.ipynb - Colaboratory
12/26/2023,10:30-10:59,Google Colab,Browser Activity.ipynb - Colaboratory
12/26/2023,10:30-10:59,Google Colab,Browser Activity.ipynb - Colaboratory
12/26/2023,10:30-10:59,Github,Data-Engineering/Projects at master ¬∑ Dixboi/Data-Engineering
12/26/2023,10:30-10:59,Github,Dixboi (Dex)
12/26/2023,10:30-10:59,Google Colab,Browser Activity.ipynb - Colaboratory
12/26/2023,10:00-10:29,Geeksforgeeks,How to Remove an Item from the List in Python - GeeksforGeeks
12/26/2023,10:00-10:29,Duckduckgo,python remove element from list at DuckDuckGo
12/26/2023,10:00-10:29,Google Colab,Browser Activity.ipynb - Colaboratory
12/26/2023,10:00-10:29,Google Mail,Raimon Dexter Interview - L1 Support Engineer - - Gmail
12/25/2023,23:00-23:29,Github,Editing Data-Engineering/Projects/#1_Crypto/placeholder_file.txt at master ¬∑ Dixboi/Data-Engineering
12/25/2023,23:00-23:29,Github,Data-Engineering/Projects/#1_Crypto/placeholder_file.txt at master ¬∑ Dixboi/Data-Engineering
12/25/2023,23:00-23:29,Github,Data-Engineering/Projects/#1_Crypto at master ¬∑ Dixboi/Data-Engineering
12/25/2023,23:00-23:29,Github,Data-Engineering/Projects/#1_Crypto/README.md at master ¬∑ Dixboi/Data-Engineering
12/25/2023,23:00-23:29,Github,Data-Engineering/README.md at master ¬∑ Dixboi/Data-Engineering
12/25/2023,22:30-22:59,Youtube,(3) What I Learned From 100+ Data Engineering Interviews - Interview Tips - YouTube
12/25/2023,22:30-22:59,Google Docs,Data Science Interview Guide - Make A Copy If You Want To Edit - Google Sheets
12/25/2023,22:30-22:59,Google Docs,Data Engineering Study Guide - Outline (Make A Copy :) And Go From There) - Google Sheets
12/25/2023,22:30-22:59,Answers Microsoft,"How do I uninstall the Netflix app from my laptop, I have Windows 10 - Microsoft Community"
12/25/2023,22:30-22:59,Login Microsoftonline,Redirecting
12/25/2023,22:30-22:59,Duckduckgo,uninstall netflix on windows at DuckDuckGo
12/25/2023,22:30-22:59,Linkedin,Feed | LinkedIn
12/25/2023,22:30-22:59,Linkedin,(3) Notifications | LinkedIn
12/25/2023,22:30-22:59,Google Mail,Inbox - - Gmail
12/26/2023,22:00-22:29,Docs Python,Built-in Exceptions ‚Äî Python 3.12.1 documentation
12/26/2023,22:00-22:29,Duckduckgo,python all errors at DuckDuckGo
12/26/2023,22:00-22:29,Github,"Dixboi/Data-Engineering: A Data Engineering repository where I will focus on applying concepts such as data modeling, ETL, proper code documentations, and unit testing."
12/26/2023,22:00-22:29,Github,Data-Engineering/Projects at master ¬∑ Dixboi/Data-Engineering
12/26/2023,22:00-22:29,Github,GitHub
12/26/2023,21:30-21:59,Google Cloud,Column chart options | Looker | Google Cloud
12/26/2023,21:30-21:59,Duckduckgo,looker adjust axis width at DuckDuckGo
12/26/2023,21:30-21:59,Google Mail,Inbox - - Gmail
12/26/2023,21:30-21:59,Google Mail,Seize Your Learning Journey: Enroll Today for any Learning Paths @ just $49 - - Gmail
12/26/2023,21:00-21:29,Google Lookerstudio,Browser Activity Dashboard
12/26/2023,21:00-21:29,Google Lookerstudio,Looker Studio
12/26/2023,21:00-21:29,Google Lookerstudio,Looker Studio
12/26/2023,21:00-21:29,Google Lookerstudio,Looker Studio
12/26/2023,21:00-21:29,Google Lookerstudio,Looker Studio
12/26/2023,21:00-21:29,Duckduckgo,looker at DuckDuckGo
12/26/2023,21:00-21:29,Google Docs,Browser Activity Online Data - Google Sheets
12/26/2023,21:00-21:29,Google Docs,Browser Activity Online Data - Google Sheets
12/26/2023,21:00-21:29,Google Docs,Browser Activity Online Data - Google Sheets
12/26/2023,21:00-21:29,Google Docs,Google Sheets
12/26/2023,21:00-21:29,Duckduckgo,google sheets at DuckDuckGo
12/26/2023,20:30-20:59,Google Mail,Raimon Dexter Interview - L1 Support Engineer - - Gmail
12/26/2023,20:30-20:59,Google Mail,Raimon Dexter Interview - L1 Support Engineer - - Gmail
12/26/2023,20:30-20:59,Google Mail,Last chance (24 hours left) - - Gmail
12/26/2023,20:30-20:59,Exercism,Exercism
12/26/2023,20:30-20:59,Exercism,Exercism
12/26/2023,20:30-20:59,Exercism,Exercism
12/26/2023,20:30-20:59,Exercism,Exercism
12/26/2023,20:30-20:59,Linkedin,Jobs based on your profile | LinkedIn
12/26/2023,20:30-20:59,Linkedin,LinkedIn
12/26/2023,20:30-20:59,Linkedin,Jobs based on your profile | LinkedIn
12/26/2023,20:30-20:59,Linkedin,LinkedIn
12/26/2023,20:30-20:59,Linkedin,Jobs | LinkedIn
12/26/2023,20:30-20:59,Linkedin,Data Analyst | Lumiere Education | LinkedIn
12/26/2023,20:30-20:59,Linkedin,LinkedIn
12/26/2023,20:30-20:59,Linkedin,LinkedIn
12/26/2023,20:30-20:59,Google Mail,Lumiere Education is hiring a Data Analyst - - Gmail
12/26/2023,20:30-20:59,Linkedin,Virtual Assistant - Data Analyst | Be HIRED by Angeline Roguel | LinkedIn
12/26/2023,20:30-20:59,Linkedin,Virtual Assistant - Data Analyst | Be HIRED by Angeline Roguel | LinkedIn
12/26/2023,20:30-20:59,Google Mail,Application Recieved: Data Analyst at Dental Success Institute - - Gmail
12/26/2023,20:30-20:59,Angelineroguel,Angeline Roguel
12/26/2023,20:30-20:59,Asana,"Manage your team‚Äôs work, projects, & tasks online ‚Ä¢ Asana"
12/26/2023,20:30-20:59,Duckduckgo,asana at DuckDuckGo
12/26/2023,20:30-20:59,Duckduckgo,blue IQ at DuckDuckGo
12/26/2023,20:30-20:59,Duckduckgo,Carametrics at DuckDuckGo
12/26/2023,20:30-20:59,Duckduckgo,carametrics at DuckDuckGo
12/26/2023,20:30-20:59,Duckduckgo,Stripe at DuckDuckGo
12/26/2023,20:30-20:59,Duckduckgo,metricool at DuckDuckGo
12/26/2023,20:30-20:59,Duckduckgo,lybsin at DuckDuckGo
12/26/2023,20:30-20:59,Angelineroguel,Angeline Roguel
12/26/2023,20:30-20:59,Linkedin,Virtual Assistant - Data Analyst | Be HIRED by Angeline Roguel | LinkedIn
12/26/2023,20:30-20:59,Linkedin,LinkedIn
12/26/2023,20:30-20:59,Linkedin,LinkedIn
12/26/2023,20:30-20:59,Airtable,Hustle Assistant Hiring Portal
12/26/2023,20:30-20:59,Google Mail,1 new data entry home based job in Philippines - - Gmail
12/26/2023,20:30-20:59,Google Mail,"Raimon Dexter, add John Carlo Maiquez - Graphic Designer/Artist - - Gmail"
12/26/2023,20:30-20:59,Google Mail,Jakebrake Logistics is hiring for Data Analyst - Remote + 22 new data analyst work from home jobs in Philippines - - Gmail
12/26/2023,20:30-20:59,Google Calendar,Google Calendar - Week of 24 December 2023
12/26/2023,20:30-20:59,Linkedin,"PHP 25,000 SIGN ON BONUS! Real Estate Data Analyst (Remote) | ClearDesk | LinkedIn"
12/26/2023,20:30-20:59,Google Calendar,Google Calendar - Week of 24 December 2023
12/26/2023,20:30-20:59,Google Calendar,Google Calendar - Week of 24 December 2023
12/26/2023,20:30-20:59,Google Mail,Raimon Dexter Interview - L1 Support Engineer - - Gmail
12/26/2023,20:30-20:59,Careers Thecleardesk,"ClearDesk, LLC - PHP 25,000 SIGN ON BONUS! Real Estate Data Analyst (Remote) - Remote Job"
12/26/2023,20:30-20:59,Linkedin,"PHP 25,000 SIGN ON BONUS! Real Estate Data Analyst (Remote) | ClearDesk | LinkedIn"
12/26/2023,20:30-20:59,Linkedin,LinkedIn
12/26/2023,20:30-20:59,Linkedin,Jobs based on your profile | LinkedIn
12/26/2023,20:30-20:59,Linkedin,My Jobs | LinkedIn
12/26/2023,20:30-20:59,Linkedin,Jobs based on your profile | LinkedIn
12/26/2023,20:30-20:59,Linkedin,LinkedIn
12/26/2023,20:30-20:59,Linkedin,LinkedIn
12/26/2023,20:30-20:59,Linkedin,Notifications | LinkedIn
12/26/2023,20:30-20:59,Linkedin,(5) Raimon Dexter Vinluan | LinkedIn
12/26/2023,20:00-20:29,Youtube,Phil Wickham - Manger Throne (Official Music Video) - YouTube
12/26/2023,20:00-20:29,Youtube,YouTube
12/26/2023,20:00-20:29,Youtube,Cody Carnes - Run To The Father (Official Lyric Video) - YouTube
12/26/2023,20:00-20:29,Youtube,Solemn - YouTube
12/26/2023,20:00-20:29,Youtube,"Chris Tomlin, We The Kingdom - Christmas Day - YouTube"
12/26/2023,20:00-20:29,Youtube,Hype - YouTube
12/26/2023,17:00-17:29,Github,Commits ¬∑ Dixboi/Data-Engineering
12/26/2023,17:00-17:29,Github,Blaming Data-Engineering/README.md at master ¬∑ Dixboi/Data-Engineering
12/26/2023,17:00-17:29,Google Developers,Usage limits | Google Sheets | Google for Developers
12/26/2023,16:30-16:59,Github,Data-Engineering/README.md at master ¬∑ Dixboi/Data-Engineering
12/27/2023,21:30-21:59,Youtube,Who You Say I Am (Lyric Video) - Hillsong Worship - YouTube
12/27/2023,21:30-21:59,Google Docs,Browser Activity Online Data - Google Sheets
12/27/2023,21:30-21:59,Google Docs,Browser Activity Online Data - Google Sheets
12/27/2023,21:30-21:59,Google Docs,Browser Activity Online Data - Google Sheets
12/27/2023,21:30-21:59,Google Docs,Google Sheets
12/27/2023,21:30-21:59,Duckduckgo,google sheets at DuckDuckGo
12/27/2023,21:00-21:29,Youtube,Pupurihin Ka Sa Awit - Powerhouse Worship (Lyrics) - YouTube
12/27/2023,21:00-21:29,Medium,Google Cloud Database Engineer Exam Step-by-Step Guide | by Biswanath Giri | Google Cloud - Community | Medium
12/27/2023,21:00-21:29,Duckduckgo,is Database Engineer Learning Path from google beginner frinedly at DuckDuckGo
12/27/2023,21:00-21:29,Youtube,CityAlight ~ Yet Not I But Through Christ In Me (Lyrics) - YouTube
12/27/2023,21:00-21:29,Youtube,When You Move (Live) - YouTube
12/27/2023,21:00-21:29,Lichess,Your turn - Play Anon. ‚Ä¢ lichess.org
12/27/2023,21:00-21:29,Lichess,lichess.org ‚Ä¢ Free Online Chess
12/27/2023,21:00-21:29,Lichess,Your turn - Play Anon. ‚Ä¢ lichess.org
12/27/2023,21:00-21:29,Google Www,"Orion Solutions, Inc. - Google Maps"
12/27/2023,21:00-21:29,Google Www,"Orion Solutions, Inc. - Google Maps"
12/27/2023,21:00-21:29,Google Www,"Orion Solutions, Inc. - Google Maps"
12/27/2023,21:00-21:29,Google Www,orion digital solutions - Google Maps
12/27/2023,21:00-21:29,Google Www,orion digital solutions - Google Maps
12/27/2023,21:00-21:29,Google Www,orion digital solutions philippines - Google Maps
12/27/2023,21:00-21:29,Google Www,orion digital solutions philippines - Google Maps
12/27/2023,21:00-21:29,Google Www,Google Maps
12/27/2023,21:00-21:29,Duckduckgo,google maps at DuckDuckGo
12/27/2023,21:00-21:29,Duckduckgo,orion digital solutions philippines at DuckDuckGo
12/27/2023,21:00-21:29,Lichess,Your turn - Play Anon. ‚Ä¢ lichess.org
12/27/2023,20:30-20:59,Google Www,Google Cloud Skills Boost
12/27/2023,20:30-20:59,Google Www,Migrate MySQL data to Cloud SQL using Database Migration Service | Google Cloud Skills Boost
12/27/2023,20:30-20:59,Youtube,Do It Again | Official Lyric Video | Elevation Worship - YouTube
12/27/2023,20:30-20:59,Youtube,Phil Wickham - Manger Throne (Official Music Video) - YouTube
12/27/2023,20:30-20:59,Youtube,Cody Carnes - Run To The Father (Official Lyric Video) - YouTube
12/27/2023,20:30-20:59,Github,"Dixboi/Data-Engineering: A Data Engineering repository where I will focus on applying concepts such as data modeling, ETL, proper code documentations, and unit testing."
12/27/2023,20:30-20:59,Github,Data-Engineering/my_2024_roadmap.md at master ¬∑ Dixboi/Data-Engineering
12/27/2023,20:30-20:59,Linkedin,Feed | LinkedIn
12/27/2023,20:30-20:59,Linkedin,Feed | LinkedIn
12/27/2023,20:30-20:59,Linkedin,(1) Notifications | LinkedIn
12/27/2023,20:30-20:59,Youtube,Bryan & Katie Torwalt - Holy Spirit (Lyrics) - YouTube
12/27/2023,20:30-20:59,Github,Editing Data-Engineering/my_2024_roadmap.md at master ¬∑ Dixboi/Data-Engineering
12/27/2023,20:30-20:59,Kaggle,E-Commerce Data
12/27/2023,20:30-20:59,Kaggle,Search | Kaggle
12/27/2023,20:30-20:59,Kaggle,Search | Kaggle
12/27/2023,20:30-20:59,Kaggle,Search | Kaggle
12/27/2023,20:30-20:59,Kaggle,Marketing Funnel by Olist
12/27/2023,20:30-20:59,Kaggle,Kaggle Competitions
12/27/2023,20:30-20:59,Kaggle,Kaggle Competitions
12/27/2023,20:30-20:59,Kaggle,Find Open Datasets and Machine Learning Projects | Kaggle
12/27/2023,20:30-20:59,Kaggle,Find Open Datasets and Machine Learning Projects | Kaggle
12/27/2023,20:30-20:59,Kaggle,Marketing Analytics
12/27/2023,20:30-20:59,Youtube,Phil Wickham - Wait (Official Audio) - YouTube
12/27/2023,20:30-20:59,Kaggle,Marketing Analytics
12/27/2023,20:30-20:59,Kaggle,Find Open Datasets and Machine Learning Projects | Kaggle
12/27/2023,20:30-20:59,Kaggle,Find Open Datasets and Machine Learning Projects | Kaggle
12/27/2023,20:30-20:59,Kaggle,Find Open Datasets and Machine Learning Projects | Kaggle
12/27/2023,20:30-20:59,Kaggle,Find Open Datasets and Machine Learning Projects | Kaggle
12/27/2023,20:30-20:59,Kaggle,Find Open Datasets and Machine Learning Projects | Kaggle
12/27/2023,20:30-20:59,Kaggle,Find Open Datasets and Machine Learning Projects | Kaggle
12/27/2023,20:30-20:59,Kaggle,Find Open Datasets and Machine Learning Projects | Kaggle
12/27/2023,20:30-20:59,Kaggle,Find Open Datasets and Machine Learning Projects | Kaggle
12/27/2023,20:30-20:59,Kaggle,Kaggle: Your Home for Data Science
12/27/2023,20:30-20:59,Github,"Dixboi/Data-Engineering: A Data Engineering repository where I will focus on applying concepts such as data modeling, ETL, proper code documentations, and unit testing."
12/27/2023,20:30-20:59,Google Www,Google Cloud Skills Boost
12/27/2023,20:30-20:59,Google Accounts,Mag-sign in - Google Accounts
12/27/2023,20:30-20:59,Google Accounts,Mag-sign in - Google Accounts
12/27/2023,20:30-20:59,Google Accounts,Mag-sign in - Google Accounts
12/27/2023,20:30-20:59,Google Www,Sign in | Google Cloud Skills Boost
12/27/2023,20:00-20:29,Duckduckgo,google cloud skill boost at DuckDuckGo
12/27/2023,20:00-20:29,Github,GitHub
12/27/2023,20:00-20:29,Youtube,Praise His Name (Psalm 148) ‚Ä¢ Official Video - YouTube
12/27/2023,20:00-20:29,Youtube,Solemn - YouTube
12/27/2023,20:00-20:29,Youtube,YouTube
12/27/2023,19:30-19:59,Youtube,"White Noise Black Screen | Sleep, Relax, Study | 10 Hours - YouTube"
12/27/2023,19:30-19:59,Youtube,Chris Tomlin - Your Grace is Enough - Lyrics - YouTube
12/27/2023,19:30-19:59,Youtube,(1) Hype - YouTube
12/27/2023,18:30-18:59,Github,Data-Engineering/Projects/#2_Browser_History/README.md at master ¬∑ Dixboi/Data-Engineering
12/27/2023,18:30-18:59,Github,Editing Data-Engineering/Projects/#2_Browser_History/README.md at master ¬∑ Dixboi/Data-Engineering
12/27/2023,18:30-18:59,Github,Data-Engineering/Projects/#2_Browser_History at master ¬∑ Dixboi/Data-Engineering
12/27/2023,18:30-18:59,Github,Data-Engineering/Projects at master ¬∑ Dixboi/Data-Engineering
12/27/2023,18:30-18:59,Github,Data-Engineering/Projects/#1_Crypto/README.md at master ¬∑ Dixboi/Data-Engineering
12/27/2023,18:30-18:59,Github,Editing Data-Engineering/Projects/#1_Crypto/README.md at master ¬∑ Dixboi/Data-Engineering
12/27/2023,18:30-18:59,Github,Data-Engineering/Projects/#1_Crypto at master ¬∑ Dixboi/Data-Engineering
12/27/2023,18:30-18:59,Dzone,Building a Scalable E-Commerce Data Model - DZone
12/27/2023,18:00-18:29,Fabric,Building a Scalable E-Commerce Data Model
12/27/2023,18:00-18:29,Duckduckgo,what does an e-commerce data model looks like at DuckDuckGo
12/27/2023,18:00-18:29,Kaggle,Finance Dataset
12/27/2023,18:00-18:29,Duckduckgo,kaggle finance dataset at DuckDuckGo
12/27/2023,18:00-18:29,Github,fawazahmed0/currency-api: Free Currency Exchange Rates API with 150+ Currencies & No Rate Limits
12/27/2023,18:00-18:29,Nordicapis,9 Free Public APIs That Offer Up Some Cool Open Data | Nordic APIs |
12/27/2023,18:00-18:29,Duckduckgo,free public daily APIs at DuckDuckGo
12/27/2023,18:00-18:29,Mixedanalytics,Big List of Free and Open Public APIs (No Auth Needed) [2023]
12/27/2023,18:00-18:29,Publicapis,NASA API ‚Äî Public APIs
12/27/2023,18:00-18:29,Publicapis,Public APIs ‚Äî A directory of free and public apis
12/27/2023,18:00-18:29,Duckduckgo,free public APIs at DuckDuckGo
12/27/2023,18:00-18:29,Ourworldindata,Philippines - Our World in Data
12/27/2023,18:00-18:29,Duckduckgo,philippines daily data at DuckDuckGo
12/27/2023,18:00-18:29,Google Bard,Bard
12/27/2023,18:00-18:29,Google Bard,Bard
12/27/2023,18:00-18:29,Support Microsoft,Windows activity history and your privacy - Microsoft Support
12/27/2023,18:00-18:29,Wikihow,How Do You Check the History on Your Windows Computer? Internet and File History Guide
12/27/2023,18:00-18:29,Support Microsoft,Windows activity history and your privacy - Microsoft Support
12/27/2023,18:00-18:29,Duckduckgo,windows find where I can see the history of apps that I use at DuckDuckGo
12/27/2023,18:00-18:29,Devblogit,Data Engineer Roadmap 2024: Navigating the Landscape of Data Engineering ‚Äì devblogit.com
12/27/2023,18:00-18:29,Linkedin,(1) Notifications | LinkedIn
12/27/2023,17:30-17:59,Google Bard,"Google Bard - Try Bard, a Generative AI Chat Tool"
12/27/2023,17:30-17:59,Duckduckgo,data engineer roadmap 2024 at DuckDuckGo
12/27/2023,17:30-17:59,Medium,"The Ultimate Roadmap for Data Engineers in 2024 | by Vishal Barvaliya | Dec, 2023 | Medium"
12/27/2023,17:30-17:59,Linkedin,LinkedIn
12/27/2023,17:30-17:59,Github,New File at / ¬∑ Dixboi/Data-Engineering
12/27/2023,17:30-17:59,Montecarlodata,Top Data Engineering Trends For 2024
12/27/2023,17:30-17:59,Getsuper,Roadmap to become a Data Engineer in 2024: A Complete Comprehensive Guide
12/27/2023,16:30-16:59,Linkedin,Hiring in your network | LinkedIn
12/27/2023,16:30-16:59,Google Mail,Inbox - - Gmail
12/27/2023,16:30-16:59,Google Mail,"Raimon Dexter, your application was sent to [24]7.ai Philippines - - Gmail"
12/27/2023,16:30-16:59,Linkedin,Hiring in your network | LinkedIn
12/27/2023,16:30-16:59,Linkedin,Hiring in your network | LinkedIn
12/27/2023,16:30-16:59,Linkedin,LinkedIn
12/27/2023,16:30-16:59,Linkedin,(1) Notifications | LinkedIn
12/27/2023,16:30-16:59,Linkedin,Data Analyst - Permanent Work From Home | Cyberbacker Careers | LinkedIn
12/27/2023,16:00-16:29,Google Mail,Employment Opportunity with AmWest - (AMC Business Process Services Inc. in Manila) - - Gmail
12/27/2023,16:00-16:29,Duckduckgo,Cairo where on earth at DuckDuckGo
12/27/2023,16:00-16:29,Linkedin,(2) Orion Digital Solutions: Overview | LinkedIn
12/27/2023,16:00-16:29,Linkedin,(2) LinkedIn
12/27/2023,16:00-16:29,Linkedin,LinkedIn
12/27/2023,16:00-16:29,Linkedin,LinkedIn
12/27/2023,15:30-15:59,Teams Microsoft,Microsoft Teams classic
12/27/2023,15:30-15:59,Teams Microsoft,Microsoft Teams classic
12/27/2023,15:30-15:59,Teams Microsoft,checking your credentials...
12/27/2023,15:30-15:59,Teams Microsoft,Microsoft Teams classic
12/27/2023,15:30-15:59,Teams Microsoft,Join conversation
12/27/2023,15:30-15:59,Teams Microsoft,Join conversation
12/27/2023,15:30-15:59,Microsoft,Join a Microsoft Teams Meeting by ID | Microsoft Teams
12/27/2023,15:30-15:59,Google Meet,Meet ‚Äì uwp-bmqu-tri
12/27/2023,15:30-15:59,Google Meet,Meet ‚Äì uwp-bmqu-tri
12/27/2023,15:30-15:59,Google Apps,Google Meet: Online video meetings and calls | Google Workspace
12/27/2023,15:30-15:59,Duckduckgo,google meet at DuckDuckGo
12/27/2023,15:30-15:59,Orion360,PMO Services ‚Äì Orion Digital Solutions
12/27/2023,15:30-15:59,Orion360,About Us ‚Äì Orion Digital Solutions
12/27/2023,15:30-15:59,Orion360,Orion Digital Solutions
12/27/2023,15:30-15:59,Google Calendar,Google Calendar - Week of 24 December 2023
12/27/2023,15:30-15:59,Linkedin,(3) Notifications | LinkedIn
12/27/2023,15:30-15:59,Linkedin,(2) LinkedIn
12/27/2023,15:30-15:59,Linkedin,(2) LinkedIn
12/27/2023,15:30-15:59,Linkedin,(2) LinkedIn
12/27/2023,15:30-15:59,Linkedin,(2) Search | LinkedIn
12/27/2023,15:30-15:59,Google Calendar,Google Calendar - Week of 24 December 2023
12/27/2023,15:30-15:59,Google Calendar,Google Calendar - Week of 24 December 2023
12/27/2023,15:30-15:59,Google Calendar,calendar.google.com/calendar/u/0/r/week/2023/12/27?eid=XzYwcTMwYzFnNjBvMzBlMWk2MG80YWMxZzYwcmo4Z3BsODhyajJjMWg4NHMzNGg5ZzYwczMwYzFnNjBvMzBjMWc4NHBrNmRobTc1MzNpZDFpNmNyazhnOWc2NG8zMGMxZzYwbzMwYzFnNjBvMzBjMWc2MG8zMmMxZzYwbzMwYzFnNmwyamVkaTE2Z3M0MmdobDZsMzQ0aGhrNmgxMzZoYTI4Z3BrYWgxbzg4cWplZDFsNzUxMCByYWltb25kZXh0ZXJ2aW5sdWFuQG0&ctok=cmFpbW9uZGV4dGVydmlubHVhbkBnbWFpbC5jb20
12/27/2023,15:30-15:59,Google Mail,Raimon Dexter Interview - L1 Support Engineer - - Gmail
12/27/2023,15:30-15:59,Google Mail,Jakebrake Logistics is hiring for Data Analyst - Remote + 21 new data analyst work from home jobs in Philippines - - Gmail
12/27/2023,15:30-15:59,Google Mail,Search results - - Gmail
12/27/2023,14:30-14:59,Google Mail,Raimon Dexter Interview - L1 Support Engineer - - Gmail
12/27/2023,14:30-14:59,Linkedin,Support Engineer for Data Analytics Platforms | Orion Digital Solutions | LinkedIn
12/27/2023,14:30-14:59,Linkedin,LinkedIn
12/27/2023,14:30-14:59,Linkedin,LinkedIn
12/27/2023,14:30-14:59,Linkedin,LinkedIn
12/27/2023,14:30-14:59,Google Mail,Orion - Job Application - Support Engineer for Data Analytics Platforms - - Gmail
12/27/2023,14:30-14:59,Linkedin,My Jobs | LinkedIn
12/27/2023,14:30-14:59,Linkedin,My Jobs | LinkedIn
12/27/2023,14:30-14:59,Linkedin,My Jobs | LinkedIn
12/27/2023,14:30-14:59,Linkedin,My Jobs | LinkedIn
12/27/2023,14:30-14:59,Linkedin,My Jobs | LinkedIn
12/27/2023,14:30-14:59,Linkedin,My Jobs | LinkedIn
12/27/2023,14:30-14:59,Linkedin,My Jobs | LinkedIn
12/27/2023,14:00-14:29,Linkedin,My Jobs | LinkedIn
12/27/2023,14:00-14:29,Linkedin,(2) Notifications | LinkedIn
12/27/2023,14:00-14:29,Linkedin,Jobs based on your profile | LinkedIn
12/27/2023,14:00-14:29,Linkedin,LinkedIn
12/27/2023,14:00-14:29,Google Mail,Spam (6) - - Gmail
12/27/2023,0:30-0:59,Chat Openai,ChatGPT
12/27/2023,0:30-0:59,Chat Openai,ChatGPT
12/27/2023,21:30-21:59,Orion360,Automated Order Processing ‚Äì Orion Digital Solutions
12/27/2023,21:30-21:59,Orion360,About Us ‚Äì Orion Digital Solutions
12/27/2023,21:30-21:59,Duckduckgo,orion digital solutions philippines at DuckDuckGo
12/27/2023,21:30-21:59,Youtube,O Come To The Altar | Official Lyric Video | Elevation Worship - YouTube
12/28/2023,21:00-21:29,Google Mail,Inbox - - Gmail
12/28/2023,21:00-21:29,Onlinejobs,Inbox - Onlinejobs.ph
12/28/2023,21:00-21:29,Onlinejobs,Inbox - Onlinejobs.ph
12/28/2023,21:00-21:29,Onlinejobs,Inbox - Onlinejobs.ph
12/28/2023,21:00-21:29,Onlinejobs,Data Analyst | Data Scientist
12/28/2023,21:00-21:29,Onlinejobs,Login | OnlineJobs.ph
12/28/2023,21:00-21:29,Onlinejobs,Background Data Check
12/28/2023,21:00-21:29,Google Mail,Join Us as Python Specialist - - Gmail
12/28/2023,21:00-21:29,Ph Indeed,Data Analyst - Work from Home - Indeed.com
12/28/2023,21:00-21:29,Google Mail,Right Customer is hiring for Data Analyst + 2 new Power BI Analyst jobs in Remote - - Gmail
12/28/2023,21:00-21:29,Exercism,Exercism
12/28/2023,21:00-21:29,Google Mail,Spam (7) - - Gmail
12/28/2023,20:30-20:59,Youtube,The New Hero Cici Is Absolutely AMAZING! - YouTube
12/28/2023,20:30-20:59,Youtube,betosky cici - YouTube
12/28/2023,20:30-20:59,Google Mail,[Exercism] Summary - - Gmail
12/28/2023,20:30-20:59,Google Mail,Inbox - - Gmail
12/28/2023,20:30-20:59,Facebook,"(1) INQUIRER.net - Is your workplace starting to adopt AI, too?... | Facebook"
12/28/2023,20:30-20:59,Tiktok,get FREE access to the screener using the link in my bio üòâ #kreioslab... | crypto | TikTok
12/28/2023,20:30-20:59,Tiktok,TikTok - Make Your Day
12/28/2023,20:30-20:59,Youtube,Mighty to Save - Hillsong | LYRIC VIDEO - YouTube
12/28/2023,20:00-20:29,Youtube,Cody Carnes - Christ Be Magnified (Official Lyric Video) - YouTube
12/28/2023,20:00-20:29,Youtube,Solemn - YouTube
12/28/2023,20:00-20:29,Youtube,YouTube
12/28/2023,20:00-20:29,Youtube,I Thank God + JWLKRS Worship feat. Blake Wiggins and Ryan Ellis | Housefires (Official Video) - YouTube
12/28/2023,20:00-20:29,Youtube,(1) Hype - YouTube
12/27/2023,23:00-23:29,Youtube,How Great Thou Art with lyrics performed by chris rice - YouTube
12/27/2023,23:00-23:29,Linkedin,(3) Data Scientist Lead [P] | Aloha Consulting Group | LinkedIn
12/27/2023,23:00-23:29,Linkedin,LinkedIn
12/27/2023,23:00-23:29,Linkedin,LinkedIn
12/27/2023,23:00-23:29,Google Mail,Now hiring: ‚Äúdata scientist‚Äù at Aloha Consulting Group - - Gmail
12/27/2023,22:30-22:59,Youtube,Phil Wickham - Your Name Is Holy (Official Audio) - YouTube
12/27/2023,22:30-22:59,Youtube,Phil Wickham - Psalm 23 (ft. Tiffany Hudson)[Official Audio] - YouTube
12/27/2023,22:30-22:59,Youtube,Praise His Name (Psalm 148) ‚Ä¢ Official Video - YouTube
12/27/2023,22:30-22:59,Facebook,MayTrabaho - #MayTrabaho: Basahin ang impormasyon sa baba tungkol... | Facebook
12/27/2023,22:30-22:59,Youtube,Good Good Father w/ Lyrics (Chris Tomlin) - YouTube
12/27/2023,22:30-22:59,Youtube,Bryan & Katie Torwalt - Holy Spirit (Lyrics) - YouTube
12/27/2023,22:30-22:59,Youtube,Cody Carnes - Run To The Father (Official Lyric Video) - YouTube
12/27/2023,22:00-22:29,Youtube,So Will I (100 Billion X) - Hillsong Worship - YouTube
12/27/2023,22:00-22:29,Youtube,Phil Wickham - Manger Throne (Official Music Video) - YouTube
12/27/2023,22:00-22:29,Youtube,Resurrecting - Elevation Worship Lyrics - YouTube
12/27/2023,21:30-21:59,Youtube,King of Kings (Lyric Video) - Hillsong Worship - YouTube
12/27/2023,21:30-21:59,Youtube,Anchor Of Our Hearts (Official Lyric Video) - Victory Worship - YouTube
12/27/2023,21:30-21:59,Blog Hubspot,Parts of a URL: A Short Guide
12/27/2023,21:30-21:59,Duckduckgo,parts of a link at DuckDuckGo
12/27/2023,21:30-21:59,Youtube,Communion Lyrics - Maverick City Music - YouTube
12/28/2023,22:00-22:29,Kernprof Readthedocs,Line Profiler ‚Äî line_profiler 4.1.2 documentation
12/28/2023,22:00-22:29,Github,pyutils/line_profiler: Line-by-line profiling for Python
12/28/2023,22:00-22:29,Duckduckgo,python line_profiler at DuckDuckGo
12/28/2023,22:00-22:29,Pypi,line-profiler ¬∑ PyPI
12/28/2023,21:30-21:59,Duckduckgo,python linre_profiler at DuckDuckGo
12/28/2023,21:30-21:59,Towardsdatascience,How to Profile Your Code in Python | by Ehsan Khodabandeh | Towards Data Science
12/28/2023,21:30-21:59,Machinelearningmastery,Profiling Python Code - MachineLearningMastery.com
12/28/2023,21:30-21:59,Towardsdatascience,How to Profile Your Code in Python | by Ehsan Khodabandeh | Towards Data Science
12/28/2023,21:30-21:59,Docs Python,The Python Profilers ‚Äî Python 3.12.1 documentation
12/28/2023,21:30-21:59,Duckduckgo,code profiling python at DuckDuckGo
12/28/2023,21:30-21:59,Google Docs,Browser Activity Online Data - Google Sheets
12/28/2023,21:30-21:59,Google Docs,Browser Activity Online Data - Google Sheets
12/28/2023,21:30-21:59,Google Docs,Browser Activity Online Data - Google Sheets
12/28/2023,21:30-21:59,Google Docs,Google Sheets
12/28/2023,21:30-21:59,Duckduckgo,google sheets at DuckDuckGo
12/28/2023,21:30-21:59,Ph Indeed,Notification Center
12/28/2023,22:00-22:29,Kernprof Readthedocs,line_profiler package ‚Äî line_profiler 4.1.2 documentation
12/28/2023,22:00-22:29,Stackoverflow,python - Kernprof (line_profiler): how to output result as text instead of a binary file - Stack Overflow
12/28/2023,22:00-22:29,Duckduckgo,line profiler save result to txt file at DuckDuckGo
12/28/2023,22:00-22:29,Github,line_profiler/line_profiler/line_profiler.py at main ¬∑ pyutils/line_profiler
12/28/2023,22:00-22:29,Github,line_profiler/line_profiler at main ¬∑ pyutils/line_profiler
12/28/2023,22:00-22:29,Github,pyutils/line_profiler: Line-by-line profiling for Python
12/28/2023,22:00-22:29,Github,line_profiler/docs at main ¬∑ pyutils/line_profiler
12/28/2023,22:00-22:29,Github,line_profiler/docs/for_developers at main ¬∑ pyutils/line_profiler
12/28/2023,22:30-22:59,Geeksforgeeks,DataFrame.read_pickle() method in Pandas - GeeksforGeeks
12/28/2023,22:30-22:59,Pandas Pydata,pandas.read_pickle ‚Äî pandas 2.1.4 documentation
12/28/2023,22:30-22:59,Duckduckgo,pandas read_pickle at DuckDuckGo
12/28/2023,22:30-22:59,Stackoverflow,python - How to read pickle file? - Stack Overflow
12/28/2023,22:30-22:59,Duckduckgo,read pickled txt in cmd at DuckDuckGo
12/28/2023,22:30-22:59,Github,line_profiler/line_profiler/line_profiler.py at main ¬∑ pyutils/line_profiler
12/28/2023,22:30-22:59,Github,line_profiler/line_profiler at main ¬∑ pyutils/line_profiler
12/28/2023,22:00-22:29,Github,pyutils/line_profiler: Line-by-line profiling for Python
12/28/2023,22:00-22:29,Github,line_profiler/.circleci/config.yml at main ¬∑ pyutils/line_profiler
12/28/2023,22:00-22:29,Github,line_profiler/.circleci at main ¬∑ pyutils/line_profiler
12/28/2023,22:00-22:29,Kernprof Readthedocs,kernprof module ‚Äî line_profiler 4.1.2 documentation
12/29/2023,15:30-15:59,Stackoverflow,python - Kernprof (line_profiler): how to output result as text instead of a binary file - Stack Overflow
12/29/2023,15:30-15:59,Duckduckgo,line_profiler save results at DuckDuckGo
12/29/2023,15:30-15:59,Wrighters,Profiling Python code with line_profiler - wrighters.io
12/29/2023,15:30-15:59,Github,Data-Engineering/README.md at master ¬∑ Dixboi/Data-Engineering
12/29/2023,15:30-15:59,Github,Editing Data-Engineering/README.md at master ¬∑ Dixboi/Data-Engineering
12/29/2023,15:30-15:59,Github,"Dixboi/Data-Engineering: A Data Engineering repository where I will focus on applying concepts such as data modeling, ETL, proper code documentations, and unit testing."
12/29/2023,15:30-15:59,Github,GitHub
12/29/2023,15:30-15:59,Exercism,Python on Exercism
12/29/2023,15:30-15:59,Exercism,Exercism
12/29/2023,15:30-15:59,Youtube,"(1) White Noise Black Screen | Sleep, Relax, Study |10 Hours - YouTube"
12/29/2023,15:30-15:59,Youtube,(1) YouTube
12/29/2023,15:30-15:59,Github,Data-Engineering/my_2024_roadmap.md at master ¬∑ Dixboi/Data-Engineering
12/29/2023,15:00-15:29,Projectpro,15 Data Warehouse Project Ideas for Practice with Source Code
12/29/2023,15:00-15:29,Projectpro,15 Data Warehouse Project Ideas for Practice with Source Code
12/29/2023,15:00-15:29,Duckduckgo,data warehousing project at DuckDuckGo
12/29/2023,15:00-15:29,Github,Editing Data-Engineering/my_2024_roadmap.md at master ¬∑ Dixboi/Data-Engineering
12/29/2023,15:00-15:29,Google Mail,Inbox - - Gmail
12/29/2023,15:00-15:29,Google Mail,Inbox (12) - - Gmail
12/29/2023,15:00-15:29,Google Mail,Employment Opportunity with AmWest - (AMC Business Process Services Inc. in Manila) - - Gmail
12/29/2023,14:00-14:29,Youtube,(1) Flashy Flash Shocks EVERYONE With His New Strength! Saitama's Strongest Disciple SHINES. | OPM 199 - YouTube
12/29/2023,14:00-14:29,Chat Openai,ChatGPT
12/29/2023,13:00-13:29,Github,"Dixboi/Data-Engineering: A Data Engineering repository where I will focus on applying concepts such as data modeling, ETL, proper code documentations, and unit testing."
12/29/2023,13:00-13:29,Github,Data-Engineering/my_2024_roadmap.md at master ¬∑ Dixboi/Data-Engineering
12/29/2023,0:30-0:59,Chat Openai,ChatGPT
12/28/2023,22:30-22:59,Google Mail,[Survey - Last Chance!] Improving DeepLearning.AI for 2024 - - Gmail
12/28/2023,22:30-22:59,Stackoverflow,python - How to read pickle file? - Stack Overflow
12/28/2023,22:30-22:59,Kernprof Readthedocs,line_profiler.line_profiler ‚Äî line_profiler 4.1.2 documentation
12/28/2023,22:30-22:59,Kernprof Readthedocs,line_profiler.line_profiler ‚Äî line_profiler 4.1.2 documentation
12/28/2023,22:30-22:59,Duckduckgo,pickled LineStats at DuckDuckGo
12/29/2023,16:00-16:29,Duckduckgo,what is dva at DuckDuckGo
12/29/2023,15:30-15:59,Programiz,How to get current date and time in Python? (With Examples)
12/29/2023,15:30-15:59,Duckduckgo,python get current date and time at DuckDuckGo
12/29/2023,15:30-15:59,Pythonguides,How To Rename A File In Python [4 Methods] - Python Guides
12/29/2023,15:30-15:59,Duckduckgo,python change file name at DuckDuckGo
12/29/2023,15:30-15:59,Ostechnix,How To Save Linux Commands And Use Them On Demand - OSTechNix
12/29/2023,15:30-15:59,Unix Stackexchange,bash - How to save a command you entered without executing it? - Unix & Linux Stack Exchange
12/29/2023,15:30-15:59,Duckduckgo,command line save commands to be executed later at DuckDuckGo
12/29/2023,15:30-15:59,Duckduckgo,command line run a specific command at DuckDuckGo
12/29/2023,16:00-16:29,Google Docs,Browser Activity Online Data - Google Sheets
12/29/2023,16:00-16:29,Google Docs,Browser Activity Online Data - Google Sheets
12/29/2023,16:00-16:29,Google Docs,Browser Activity Online Data - Google Sheets
12/29/2023,16:00-16:29,Google Docs,Google Sheets
12/29/2023,16:00-16:29,Duckduckgo,google sheets at DuckDuckGo
12/29/2023,16:00-16:29,Duckduckgo,how to politely refer someone in jobs at DuckDuckGo
12/29/2023,16:00-16:29,Duckduckgo,refer someone at DuckDuckGo
12/29/2023,17:00-17:29,Google Docs,Browser Activity Online Data - Google Sheets
12/29/2023,17:00-17:29,Google Docs,Browser Activity Online Data - Google Sheets
12/29/2023,17:00-17:29,Google Docs,Browser Activity Online Data - Google Sheets
12/29/2023,17:00-17:29,Google Docs,Google Sheets
12/29/2023,17:00-17:29,Duckduckgo,google sheets at DuckDuckGo
12/29/2023,17:00-17:29,Ggia Berkeley,Mindful Breathing | Practice | Greater Good in Action
12/29/2023,17:00-17:29,Duckduckgo,Mindful breathing at DuckDuckGo
12/29/2023,16:30-16:59,Learn Microsoft,UI automation actions reference - Power Automate | Microsoft Learn
12/29/2023,16:30-16:59,Gildshire,How to Handle Emotional Triggers? - Gildshire
12/29/2023,16:30-16:59,Thegivingblock,Donate Crypto to Nonprofits - Donate Bitcoin and Other Non-Cash Assets to Charity
12/29/2023,16:30-16:59,Learn Microsoft,Close any window through its process ID - Power Automate | Microsoft Learn
12/29/2023,16:30-16:59,Duckduckgo,power automate close an open window at DuckDuckGo
12/29/2023,16:30-16:59,My Clevelandclinic,Amygdala: What It Is and What It Controls
12/29/2023,16:30-16:59,Duckduckgo,amygdala at DuckDuckGo
12/29/2023,16:30-16:59,Youtube,How To Automatically Launch A New Web Browser In Power Automate - YouTube
12/29/2023,16:30-16:59,Duckduckgo,run brave browser using power automatge at DuckDuckGo
12/29/2023,16:30-16:59,Blog Enterprisedna,Microsoft Power Automate Desktop: How To Automatically Launch A New Browser
12/29/2023,16:30-16:59,Duckduckgo,run a browser extension using power automate at DuckDuckGo
12/29/2023,17:30-17:59,Stackoverflow,powershell - Run Power Automate flow from Windows Desktop via shortcut key or command line / shell - Stack Overflow
12/29/2023,17:30-17:59,Duckduckgo,power automate run command line at DuckDuckGo
12/29/2023,17:30-17:59,Google Docs,Browser Activity Online Data - Google Sheets
12/29/2023,17:30-17:59,Google Docs,Browser Activity Online Data - Google Sheets
12/29/2023,17:30-17:59,Google Docs,Browser Activity Online Data - Google Sheets
12/29/2023,17:30-17:59,Google Docs,Google Sheets
12/29/2023,17:30-17:59,Duckduckgo,google sheets at DuckDuckGo
12/29/2023,17:30-17:59,Jd-Bots,Run Commands on Command-Line using Power Automate Desktop - JD Bots
12/29/2023,17:30-17:59,Exercism,Exercism
12/29/2023,17:30-17:59,Google Docs,Browser Activity Online Data - Google Sheets
12/29/2023,17:30-17:59,Google Docs,Browser Activity Online Data - Google Sheets
12/29/2023,17:30-17:59,Google Docs,Browser Activity Online Data - Google Sheets
12/29/2023,17:30-17:59,Google Docs,Google Sheets
12/29/2023,17:30-17:59,Duckduckgo,google sheets at DuckDuckGo
12/29/2023,17:30-17:59,Youtube,How Would I Become Data Engineer in 2024 (If I had to start over) | 8 Projects - YouTube
12/29/2023,17:30-17:59,Youtube,YouTube
12/29/2023,20:30-20:59,Google Docs,Browser Activity Online Data - Google Sheets
12/29/2023,20:30-20:59,Google Docs,Browser Activity Online Data - Google Sheets
12/29/2023,20:30-20:59,Google Docs,Browser Activity Online Data - Google Sheets
12/29/2023,20:30-20:59,Google Docs,Google Sheets
12/29/2023,20:30-20:59,Duckduckgo,google sheets at DuckDuckGo
12/29/2023,20:30-20:59,Youtube,Pupurihin Ka Sa Awit - Powerhouse Worship (Lyrics) - YouTube
12/29/2023,20:30-20:59,Google Mail,Inbox - - Gmail
12/29/2023,20:30-20:59,Google Mail,Inbox - - Gmail
12/29/2023,20:30-20:59,Youtube,Good Good Father w/ Lyrics (Chris Tomlin) - YouTube
12/29/2023,20:00-20:29,Youtube,King of Kings (Lyric Video) - Hillsong Worship - YouTube
12/29/2023,20:00-20:29,Youtube,Solemn - YouTube
12/29/2023,20:00-20:29,Youtube,YouTube
12/29/2023,19:30-19:59,Youtube,Unstoppable God | Official Lyric Video | Elevation Worship - YouTube
12/29/2023,19:30-19:59,Youtube,Hype - YouTube
12/30/2023,10:30-10:59,Google Support,how to hide just one axis in a bar chart ? - Looker Studio Community
12/30/2023,10:30-10:59,Google Lookerstudio,Browser Activity Dashboard
12/30/2023,10:30-10:59,Duckduckgo,looker hide axis label at DuckDuckGo
12/30/2023,10:30-10:59,Google Lookerstudio,Browser Activity Dashboard
12/30/2023,10:30-10:59,Google Mail,Inbox - - Gmail
12/30/2023,10:30-10:59,Google Mail,Your single-use code - - Gmail
12/30/2023,10:30-10:59,Google Mail,Employment Opportunity with AmWest - (AMC Business Process Services Inc. in Manila) - - Gmail
12/30/2023,10:30-10:59,Google Lookerstudio,Browser Activity Dashboard
12/30/2023,10:00-10:29,Google Lookerstudio,Looker Studio
12/30/2023,10:00-10:29,Google Lookerstudio,Looker Studio
12/30/2023,10:00-10:29,Google Lookerstudio,Looker Studio
12/30/2023,10:00-10:29,Duckduckgo,looker remove gridlines bar chart at DuckDuckGo
12/30/2023,10:00-10:29,Duckduckgo,looker at DuckDuckGo
12/30/2023,12:30-12:59,Google Cloud,Column chart options | Looker | Google Cloud
12/30/2023,12:30-12:59,Google Cloud,Bar chart options | Looker | Google Cloud
12/30/2023,12:00-12:29,Duckduckgo,looker remove gridlines at DuckDuckGo
12/30/2023,12:00-12:29,Google Support,"Change ""others"" text on pie chart legend - Looker Studio Community"
12/30/2023,12:00-12:29,Stackoverflow,"How to exclude ""others"" in my pie chart in Data Studio - Stack Overflow"
12/29/2023,23:30-23:59,Google Support,Pie chart reference - Looker Studio Help
12/29/2023,23:30-23:59,Google Support,Pie chart reference - Looker Studio Help
12/29/2023,23:30-23:59,Google Support,How do you remove Others on a Pie chart? - Looker Studio Community
12/29/2023,23:30-23:59,Duckduckgo,looker remove others on pie chart at DuckDuckGo
12/29/2023,23:30-23:59,Google Mail,(no subject) - - Gmail
12/29/2023,23:30-23:59,Google Support,Hide legend on a bar chart - Looker Studio Community
12/29/2023,23:30-23:59,Duckduckgo,looker remove legend in single categories at DuckDuckGo
12/29/2023,23:30-23:59,Google Support,How to add chart title? Instead of using textbox - Looker Studio Community
12/29/2023,23:30-23:59,Duckduckgo,looker add title in chart at DuckDuckGo
12/29/2023,23:00-23:29,Google Support,"remove ""others"" in a pie chart - Looker Studio Community"
12/29/2023,23:00-23:29,Duckduckgo,looker adjust font of axis at DuckDuckGo
12/29/2023,22:30-22:59,Google Support,How can I rotate X axis labels so they are not misaligned? - Looker Studio Community
12/29/2023,22:30-22:59,Duckduckgo,looker bar graph orientation of axis labels at DuckDuckGo
12/29/2023,22:30-22:59,Google Support,How do you add more than 10 bars in bar chart in x axis? - Looker Studio Community
12/29/2023,22:30-22:59,Zebrabi,How to Customize Bar Chart in Looker - Zebra BI
12/29/2023,22:30-22:59,Duckduckgo,looker bar graph limit bars at DuckDuckGo
12/29/2023,22:30-22:59,Whatagraph,8 Looker Studio (Google Data Studio) Dashboards That Every Agency Needs | Whatagraph
12/29/2023,22:30-22:59,Datatonic,Five Steps to Creating Beautiful Looker Dashboards | Datatonic
12/29/2023,22:30-22:59,Duckduckgo,dashboard looker examples at DuckDuckGo
12/29/2023,22:30-22:59,Google Docs,Browser Activity Online Data - Google Sheets
12/29/2023,22:30-22:59,Google Mail,Reminder: Vote for EntryLevel! - - Gmail
12/29/2023,22:30-22:59,Google Bard,Bard
12/29/2023,22:30-22:59,Google Bard,Bard
12/29/2023,22:30-22:59,Spreadsheetpoint,How to Count Unique Values in Google Sheets [Easy Examples]
12/29/2023,22:30-22:59,Duckduckgo,google sheets count unique in a column at DuckDuckGo
12/29/2023,22:30-22:59,Google Docs,Browser Activity Online Data - Google Sheets
12/29/2023,22:30-22:59,Google Docs,Browser Activity Online Data - Google Sheets
12/29/2023,22:30-22:59,Google Docs,Google Sheets
12/29/2023,22:30-22:59,Duckduckgo,google sheets at DuckDuckGo
12/29/2023,22:30-22:59,Google Bard,Bard
12/29/2023,22:30-22:59,Google Bard,"Google Bard - Try Bard, a Generative AI Chat Tool"
12/29/2023,22:30-22:59,Google Support,Tutorial: Create calculated fields in Looker Studio - Looker Studio Help
12/29/2023,22:30-22:59,Google Support,Tutorial: Create calculated fields in Looker Studio - Looker Studio Help
12/29/2023,22:30-22:59,Duckduckgo,looker calculated fields at DuckDuckGo
12/29/2023,22:30-22:59,Duckduckgo,looker parameter vs field at DuckDuckGo
12/29/2023,22:00-22:29,Brave,"Secure, Fast, & Private Web Browser with Adblocker | Brave"
12/29/2023,22:00-22:29,Duckduckgo,brave at DuckDuckGo
12/29/2023,22:00-22:29,Duckduckgo,brave browser color pallete at DuckDuckGo
12/29/2023,22:00-22:29,Blog Coupler,Top 23 Looker Studio Dashboard Examples | Coupler.io Blog
12/29/2023,21:30-21:59,Github,Data-Engineering/Projects/#2_Browser_History/README.md at master ¬∑ Dixboi/Data-Engineering
12/29/2023,21:30-21:59,Github,Editing Data-Engineering/Projects/#2_Browser_History/README.md at master ¬∑ Dixboi/Data-Engineering
12/29/2023,21:30-21:59,Youtube,Phil Wickham - Back To Life (Official Audio) - YouTube
12/29/2023,21:00-21:29,Youtube,Cornerstone - Live | Hillsong Worship - YouTube
12/29/2023,21:00-21:29,Github,Data-Engineering/Projects/#2_Browser_History at master ¬∑ Dixboi/Data-Engineering
12/29/2023,21:00-21:29,Youtube,Phil Wickham - Your Name Is Holy (Official Audio) - YouTube
12/29/2023,21:00-21:29,Youtube,I Speak Jesus (Lyric Video) | I Speak Jesus - YouTube
12/29/2023,21:00-21:29,Youtube,When You Move (Live) - YouTube
12/29/2023,21:00-21:29,Youtube,Behold Our God - [Official Lyric Video] - YouTube
12/29/2023,20:30-20:59,Blog Submain,Code Documentation: The Complete Beginner's Guide - SubMain
12/29/2023,20:30-20:59,Codecademy,How to Write Good Code Documentation
12/29/2023,20:30-20:59,Freecodecamp,How to Write Good Documentation
12/29/2023,20:30-20:59,Youtube,Cody Carnes ‚Äì Firm Foundation (He Won‚Äôt) (Official Lyric Video) - YouTube
12/29/2023,20:30-20:59,Duckduckgo,how to properly document my code at DuckDuckGo
12/29/2023,20:30-20:59,Youtube,Same God - Elevation Worship ft. Jonsal Barrientes (Lyrics) - YouTube
12/29/2023,20:30-20:59,Markdown,Markdown table: How to Create a Great Looking Table - Markdown Land
12/29/2023,20:30-20:59,Duckduckgo,markdown table at DuckDuckGo
12/29/2023,20:30-20:59,Google Mail,Spam (7) - - Gmail
12/29/2023,20:30-20:59,Github,Data-Engineering/Projects at master ¬∑ Dixboi/Data-Engineering
12/29/2023,20:30-20:59,Github,"Dixboi/Data-Engineering: A Data Engineering repository where I will focus on applying concepts such as data modeling, ETL, proper code documentations, and unit testing."
12/29/2023,20:30-20:59,Github,GitHub
12/29/2023,20:30-20:59,Youtube,Phil Wickham - Psalm 23 (ft. Tiffany Hudson)[Official Audio] - YouTube
